Model,Train Accuracy,Test Accuracy,Precision (SPAM),Recall (SPAM),F1-Score (SPAM)
mnb,0.9833131801692866,0.97678916827853,1.0,0.8181818181818182,0.9
rfc,0.9992744860943168,0.9729206963249516,0.9905660377358491,0.7954545454545454,0.8823529411764706
lrc,0.9712212817412333,0.9613152804642167,0.9035087719298246,0.7803030303030303,0.8373983739837398
xgb,0.9898428053204353,0.9593810444874274,0.875,0.7954545454545454,0.8333333333333334
gbdt,0.9726723095525998,0.9458413926499033,0.88,0.6666666666666666,0.7586206896551724
dtc,0.9562273276904474,0.9303675048355899,0.8260869565217391,0.5757575757575758,0.6785714285714286
abc,0.9361547762998791,0.9245647969052224,0.7934782608695652,0.553030303030303,0.6517857142857143
