Model,Train Accuracy,Test Accuracy,Precision (SPAM),Recall (SPAM),F1-Score (SPAM)
rfc,0.9990326481257558,0.97678916827853,0.990909090909091,0.8257575757575758,0.9008264462809917
mnb,0.9813784764207981,0.9758220502901354,1.0,0.8106060606060606,0.895397489539749
lrc,0.9683192261185006,0.9593810444874274,0.9017857142857143,0.7651515151515151,0.8278688524590164
xgb,0.9893591293833132,0.9574468085106383,0.8728813559322034,0.7803030303030303,0.824
gbdt,0.9731559854897219,0.9477756286266924,0.875,0.6893939393939394,0.7711864406779662
dtc,0.9576783555018138,0.937137330754352,0.8018018018018018,0.6742424242424242,0.7325102880658436
abc,0.9356711003627569,0.9303675048355899,0.8061224489795918,0.5984848484848485,0.6869565217391305
