Model,Train Accuracy,Test Accuracy,Precision (SPAM),Recall (SPAM),F1-Score (SPAM)
rfc,0.9990326481257558,0.97678916827853,0.990909090909091,0.8257575757575758,0.9008264462809917
mnb,0.9813784764207981,0.9758220502901354,1.0,0.8106060606060606,0.895397489539749
lrc,0.9683192261185006,0.960348162475822,0.9099099099099099,0.7651515151515151,0.831275720164609
xgb,0.9893591293833132,0.9574468085106383,0.8728813559322034,0.7803030303030303,0.824
