Model,Train Accuracy,Test Accuracy,Precision (SPAM),Recall (SPAM),F1-Score (SPAM)
lrc,0.9992744860943168,0.9845261121856866,0.967741935483871,0.9090909090909091,0.9375
