Model,Train Accuracy,Test Accuracy,Precision (SPAM),Recall (SPAM),F1-Score (SPAM)
mnb,0.9898428053204353,0.988394584139265,0.9838709677419355,0.9242424242424242,0.953125
