Model,Train Accuracy,Test Accuracy,Precision (SPAM),Recall (SPAM),F1-Score (SPAM),Best Params
lrc,0.9992744860943168,0.9854932301740812,0.975609756097561,0.9090909090909091,0.9411764705882353,"{'C': 100, 'max_iter': 100, 'penalty': 'l2'}"
mnb,0.9900846432889964,0.9854932301740812,0.9834710743801653,0.9015151515151515,0.9407114624505929,{'alpha': 0.1}
xgb,0.9908101571946796,0.9671179883945842,0.9224137931034483,0.8106060606060606,0.8629032258064516,"{'learning_rate': 0.5, 'max_depth': 7, 'n_estimators': 50}"
rfc,0.9707376058041113,0.9593810444874274,1.0,0.6818181818181818,0.8108108108108109,"{'max_depth': 20, 'min_samples_split': 5, 'n_estimators': 100}"
