Model,Train Accuracy,Test Accuracy,Precision (SPAM),Recall (SPAM),F1-Score (SPAM),Best Params
mnb,0.9898428053204353,0.988394584139265,0.9838709677419355,0.9242424242424242,0.953125,{'alpha': 0.1}
lrc,0.9992744860943168,0.9864603481624759,0.9758064516129032,0.9166666666666666,0.9453125,"{'C': 0.1, 'max_iter': 100, 'penalty': None, 'solver': 'saga'}"
xgb,0.9896009673518742,0.9680851063829787,0.9159663865546218,0.8257575757575758,0.8685258964143426,"{'learning_rate': 0.5, 'max_depth': 3, 'n_estimators': 100}"
rfc,0.9717049576783555,0.9564796905222437,1.0,0.6590909090909091,0.7945205479452054,"{'max_depth': 20, 'min_samples_split': 5, 'n_estimators': 100}"
